0,0 Linko Queen Bedsheet,10,15,40,60,200,1000,200,1000,10,20,10,40,10,20,1,5,1,5,1,5,1,5,1,5,3,5,true,false
1,1 Linko Queen Bedsheet,10,15,40,60,200,1000,200,1000,10,20,10,40,10,20,1,5,1,5,1,5,1,5,1,5,3,5,true,false
2,2 Linko Queen Bedsheet,10,15,40,60,200,1000,200,1000,10,20,10,40,10,20,1,5,1,5,1,5,1,5,1,5,3,5,true,false
3,3 Linko Queen Bedsheet,10,15,40,60,200,1000,200,1000,10,20,10,40,10,20,1,5,1,5,1,5,1,5,1,5,3,5,true,false
4,4 Linko Queen Bedsheet,10,15,40,60,200,1000,200,1000,10,20,10,40,10,20,1,5,1,5,1,5,1,5,1,5,3,5,true,false
5,5 Linko Queen Bedsheet,10,15,40,60,200,1000,200,1000,10,20,10,40,10,20,1,5,1,5,1,5,1,5,1,5,3,5,true,false
6,6 Linko Queen Bedsheet,10,15,40,60,200,1000,200,1000,10,20,10,40,10,20,1,5,1,5,1,5,1,5,1,5,3,5,true,false
7,7 Linko Queen Bedsheet,10,15,40,60,200,1000,200,1000,10,20,10,40,10,20,1,5,1,5,1,5,1,5,1,5,3,5,true,false
8,8 Linko Queen Bedsheet,10,15,40,60,200,1000,200,1000,10,20,10,40,10,20,1,5,1,5,1,5,1,5,1,5,3,5,true,false
9,9 Linko Queen Bedsheet,10,15,40,60,200,1000,200,1000,10,20,10,40,10,20,1,5,1,5,1,5,1,5,1,5,3,5,true,false
10,10 Linko Queen Bedsheet,10,15,40,60,200,1000,200,1000,10,20,10,40,10,20,1,5,1,5,1,5,1,5,1,5,3,5,true,false
11,11 Linko Queen Bedsheet,10,15,40,60,200,1000,200,1000,10,20,10,40,10,20,1,5,1,5,1,5,1,5,1,5,3,5,true,false
12,12 Linko Queen Bedsheet,10,15,40,60,200,1000,200,1000,10,20,10,40,10,20,1,5,1,5,1,5,1,5,1,5,3,5,true,false
13,13 Linko Queen Bedsheet,10,15,40,60,200,1000,200,1000,10,20,10,40,10,20,1,5,1,5,1,5,1,5,1,5,3,5,true,false
14,14 Linko Queen Bedsheet,10,15,40,60,200,1000,200,1000,10,20,10,40,10,20,1,5,1,5,1,5,1,5,1,5,3,5,true,false
15,15 Linko Queen Bedsheet,10,15,40,60,200,1000,200,1000,10,20,10,40,10,20,1,5,1,5,1,5,1,5,1,5,3,5,true,false
16,16 Linko Queen Bedsheet,10,15,40,60,200,1000,200,1000,10,20,10,40,10,20,1,5,1,5,1,5,1,5,1,5,3,5,true,false
17,17 Linko Queen Bedsheet,10,15,40,60,200,1000,200,1000,10,20,10,40,10,20,1,5,1,5,1,5,1,5,1,5,3,5,true,false
18,18 Linko Queen Bedsheet,10,15,40,60,200,1000,200,1000,10,20,10,40,10,20,1,5,1,5,1,5,1,5,1,5,3,5,true,false
19,19 Linko Queen Bedsheet,10,15,40,60,200,1000,200,1000,10,20,10,40,10,20,1,5,1,5,1,5,1,5,1,5,3,5,true,false
20,20 Linko Queen Bedsheet,10,15,40,60,200,1000,200,1000,10,20,10,40,10,20,1,5,1,5,1,5,1,5,1,5,3,5,true,false
21,21 Linko Queen Bedsheet,10,15,40,60,200,1000,200,1000,10,20,10,40,10,20,1,5,1,5,1,5,1,5,1,5,3,5,true,false
22,22 Linko Queen Bedsheet,10,15,40,60,200,1000,200,1000,10,20,10,40,10,20,1,5,1,5,1,5,1,5,1,5,3,5,true,false
23,23 Linko Queen Bedsheet,10,15,40,60,200,1000,200,1000,10,20,10,40,10,20,1,5,1,5,1,5,1,5,1,5,3,5,true,false
24,24 Linko Queen Bedsheet,10,15,40,60,200,1000,200,1000,10,20,10,40,10,20,1,5,1,5,1,5,1,5,1,5,3,5,true,false
25,25 Linko Queen Bedsheet,10,15,40,60,200,1000,200,1000,10,20,10,40,10,20,1,5,1,5,1,5,1,5,1,5,3,5,true,false
26,26 Linko Queen Bedsheet,10,15,40,60,200,1000,200,1000,10,20,10,40,10,20,1,5,1,5,1,5,1,5,1,5,3,5,true,false
27,27 Linko Queen Bedsheet,10,15,40,60,200,1000,200,1000,10,20,10,40,10,20,1,5,1,5,1,5,1,5,1,5,3,5,true,false
28,28 Linko Queen Bedsheet,10,15,40,60,200,1000,200,1000,10,20,10,40,10,20,1,5,1,5,1,5,1,5,1,5,3,5,true,false
29,29 Linko Queen Bedsheet,10,15,40,60,200,1000,200,1000,10,20,10,40,10,20,1,5,1,5,1,5,1,5,1,5,3,5,true,false
30,30 Linko Queen Bedsheet,10,15,40,60,200,1000,200,1000,10,20,10,40,10,20,1,5,1,5,1,5,1,5,1,5,3,5,true,false
31,31 Linko Queen Bedsheet,10,15,40,60,200,1000,200,1000,10,20,10,40,10,20,1,5,1,5,1,5,1,5,1,5,3,5,true,false
32,32 Linko Queen Bedsheet,10,15,40,60,200,1000,200,1000,10,20,10,40,10,20,1,5,1,5,1,5,1,5,1,5,3,5,true,false
33,33 Linko Queen Bedsheet,10,15,40,60,200,1000,200,1000,10,20,10,40,10,20,1,5,1,5,1,5,1,5,1,5,3,5,true,false
34,34 Linko Queen Bedsheet,10,15,40,60,200,1000,200,1000,10,20,10,40,10,20,1,5,1,5,1,5,1,5,1,5,3,5,true,false
35,35 Linko Queen Bedsheet,10,15,40,60,200,1000,200,1000,10,20,10,40,10,20,1,5,1,5,1,5,1,5,1,5,3,5,true,false
36,36 Linko Queen Bedsheet,10,15,40,60,200,1000,200,1000,10,20,10,40,10,20,1,5,1,5,1,5,1,5,1,5,3,5,true,false
37,37 Linko Queen Bedsheet,10,15,40,60,200,1000,200,1000,10,20,10,40,10,20,1,5,1,5,1,5,1,5,1,5,3,5,true,false
38,38 Linko Queen Bedsheet,10,15,40,60,200,1000,200,1000,10,20,10,40,10,20,1,5,1,5,1,5,1,5,1,5,3,5,true,false
39,39 Linko Queen Bedsheet,10,15,40,60,200,1000,200,1000,10,20,10,40,10,20,1,5,1,5,1,5,1,5,1,5,3,5,true,false
40,40 Linko Queen Bedsheet,10,15,40,60,200,1000,200,1000,10,20,10,40,10,20,1,5,1,5,1,5,1,5,1,5,3,5,true,false
41,41 Linko Queen Bedsheet,10,15,40,60,200,1000,200,1000,10,20,10,40,10,20,1,5,1,5,1,5,1,5,1,5,3,5,true,false
42,42 Linko Queen Bedsheet,10,15,40,60,200,1000,200,1000,10,20,10,40,10,20,1,5,1,5,1,5,1,5,1,5,3,5,true,false
43,43 Linko Queen Bedsheet,10,15,40,60,200,1000,200,1000,10,20,10,40,10,20,1,5,1,5,1,5,1,5,1,5,3,5,true,false
44,44 Linko Queen Bedsheet,10,15,40,60,200,1000,200,1000,10,20,10,40,10,20,1,5,1,5,1,5,1,5,1,5,3,5,true,false
45,45 Linko Queen Bedsheet,10,15,40,60,200,1000,200,1000,10,20,10,40,10,20,1,5,1,5,1,5,1,5,1,5,3,5,true,false
46,46 Linko Queen Bedsheet,10,15,40,60,200,1000,200,1000,10,20,10,40,10,20,1,5,1,5,1,5,1,5,1,5,3,5,true,false
47,47 Linko Queen Bedsheet,10,15,40,60,200,1000,200,1000,10,20,10,40,10,20,1,5,1,5,1,5,1,5,1,5,3,5,true,false
48,48 Linko Queen Bedsheet,10,15,40,60,200,1000,200,1000,10,20,10,40,10,20,1,5,1,5,1,5,1,5,1,5,3,5,true,false
49,49 Linko Queen Bedsheet,10,15,40,60,200,1000,200,1000,10,20,10,40,10,20,1,5,1,5,1,5,1,5,1,5,3,5,true,false
50,50 Linko Queen Bedsheet,10,15,40,60,200,1000,200,1000,10,20,10,40,10,20,1,5,1,5,1,5,1,5,1,5,3,5,true,false
51,51 Linko Queen Bedsheet,10,15,40,60,200,1000,200,1000,10,20,10,40,10,20,1,5,1,5,1,5,1,5,1,5,3,5,true,false
52,52 Linko Queen Bedsheet,10,15,40,60,200,1000,200,1000,10,20,10,40,10,20,1,5,1,5,1,5,1,5,1,5,3,5,true,false
53,53 Linko Queen Bedsheet,10,15,40,60,200,1000,200,1000,10,20,10,40,10,20,1,5,1,5,1,5,1,5,1,5,3,5,true,false
54,54 Linko Queen Bedsheet,10,15,40,60,200,1000,200,1000,10,20,10,40,10,20,1,5,1,5,1,5,1,5,1,5,3,5,true,false
55,55 Linko Queen Bedsheet,10,15,40,60,200,1000,200,1000,10,20,10,40,10,20,1,5,1,5,1,5,1,5,1,5,3,5,true,false
56,56 Linko Queen Bedsheet,10,15,40,60,200,1000,200,1000,10,20,10,40,10,20,1,5,1,5,1,5,1,5,1,5,3,5,true,false
57,57 Linko Queen Bedsheet,10,15,40,60,200,1000,200,1000,10,20,10,40,10,20,1,5,1,5,1,5,1,5,1,5,3,5,true,false
58,58 Linko Queen Bedsheet,10,15,40,60,200,1000,200,1000,10,20,10,40,10,20,1,5,1,5,1,5,1,5,1,5,3,5,true,false
59,59 Linko Queen Bedsheet,10,15,40,60,200,1000,200,1000,10,20,10,40,10,20,1,5,1,5,1,5,1,5,1,5,3,5,true,false
60,60 Linko Queen Bedsheet,10,15,40,60,200,1000,200,1000,10,20,10,40,10,20,1,5,1,5,1,5,1,5,1,5,3,5,true,false
61,61 Linko Queen Bedsheet,10,15,40,60,200,1000,200,1000,10,20,10,40,10,20,1,5,1,5,1,5,1,5,1,5,3,5,true,false
62,62 Linko Queen Bedsheet,10,15,40,60,200,1000,200,1000,10,20,10,40,10,20,1,5,1,5,1,5,1,5,1,5,3,5,true,false
63,63 Linko Queen Bedsheet,10,15,40,60,200,1000,200,1000,10,20,10,40,10,20,1,5,1,5,1,5,1,5,1,5,3,5,true,false
64,64 Linko Queen Bedsheet,10,15,40,60,200,1000,200,1000,10,20,10,40,10,20,1,5,1,5,1,5,1,5,1,5,3,5,true,false
65,65 Linko Queen Bedsheet,10,15,40,60,200,1000,200,1000,10,20,10,40,10,20,1,5,1,5,1,5,1,5,1,5,3,5,true,false
66,66 Linko Queen Bedsheet,10,15,40,60,200,1000,200,1000,10,20,10,40,10,20,1,5,1,5,1,5,1,5,1,5,3,5,true,false
67,67 Linko Queen Bedsheet,10,15,40,60,200,1000,200,1000,10,20,10,40,10,20,1,5,1,5,1,5,1,5,1,5,3,5,true,false
68,68 Linko Queen Bedsheet,10,15,40,60,200,1000,200,1000,10,20,10,40,10,20,1,5,1,5,1,5,1,5,1,5,3,5,true,false
69,69 Linko Queen Bedsheet,10,15,40,60,200,1000,200,1000,10,20,10,40,10,20,1,5,1,5,1,5,1,5,1,5,3,5,true,false
70,70 Linko Queen Bedsheet,10,15,40,60,200,1000,200,1000,10,20,10,40,10,20,1,5,1,5,1,5,1,5,1,5,3,5,true,false
71,71 Linko Queen Bedsheet,10,15,40,60,200,1000,200,1000,10,20,10,40,10,20,1,5,1,5,1,5,1,5,1,5,3,5,true,false
72,72 Linko Queen Bedsheet,10,15,40,60,200,1000,200,1000,10,20,10,40,10,20,1,5,1,5,1,5,1,5,1,5,3,5,true,false
73,73 Linko Queen Bedsheet,10,15,40,60,200,1000,200,1000,10,20,10,40,10,20,1,5,1,5,1,5,1,5,1,5,3,5,true,false
74,74 Linko Queen Bedsheet,10,15,40,60,200,1000,200,1000,10,20,10,40,10,20,1,5,1,5,1,5,1,5,1,5,3,5,true,false
75,75 Linko Queen Bedsheet,10,15,40,60,200,1000,200,1000,10,20,10,40,10,20,1,5,1,5,1,5,1,5,1,5,3,5,true,false
76,76 Linko Queen Bedsheet,10,15,40,60,200,1000,200,1000,10,20,10,40,10,20,1,5,1,5,1,5,1,5,1,5,3,5,true,false
77,77 Linko Queen Bedsheet,10,15,40,60,200,1000,200,1000,10,20,10,40,10,20,1,5,1,5,1,5,1,5,1,5,3,5,true,false
78,78 Linko Queen Bedsheet,10,15,40,60,200,1000,200,1000,10,20,10,40,10,20,1,5,1,5,1,5,1,5,1,5,3,5,true,false
79,79 Linko Queen Bedsheet,10,15,40,60,200,1000,200,1000,10,20,10,40,10,20,1,5,1,5,1,5,1,5,1,5,3,5,true,false
80,80 Linko Queen Bedsheet,10,15,40,60,200,1000,200,1000,10,20,10,40,10,20,1,5,1,5,1,5,1,5,1,5,3,5,true,false
81,81 Linko Queen Bedsheet,10,15,40,60,200,1000,200,1000,10,20,10,40,10,20,1,5,1,5,1,5,1,5,1,5,3,5,true,false
82,82 Linko Queen Bedsheet,10,15,40,60,200,1000,200,1000,10,20,10,40,10,20,1,5,1,5,1,5,1,5,1,5,3,5,true,false
83,83 Linko Queen Bedsheet,10,15,40,60,200,1000,200,1000,10,20,10,40,10,20,1,5,1,5,1,5,1,5,1,5,3,5,true,false
84,84 Linko Queen Bedsheet,10,15,40,60,200,1000,200,1000,10,20,10,40,10,20,1,5,1,5,1,5,1,5,1,5,3,5,true,false
85,85 Linko Queen Bedsheet,10,15,40,60,200,1000,200,1000,10,20,10,40,10,20,1,5,1,5,1,5,1,5,1,5,3,5,true,false
86,86 Linko Queen Bedsheet,10,15,40,60,200,1000,200,1000,10,20,10,40,10,20,1,5,1,5,1,5,1,5,1,5,3,5,true,false
87,87 Linko Queen Bedsheet,10,15,40,60,200,1000,200,1000,10,20,10,40,10,20,1,5,1,5,1,5,1,5,1,5,3,5,true,false
88,88 Linko Queen Bedsheet,10,15,40,60,200,1000,200,1000,10,20,10,40,10,20,1,5,1,5,1,5,1,5,1,5,3,5,true,false
89,89 Linko Queen Bedsheet,10,15,40,60,200,1000,200,1000,10,20,10,40,10,20,1,5,1,5,1,5,1,5,1,5,3,5,true,false
90,90 Linko Queen Bedsheet,10,15,40,60,200,1000,200,1000,10,20,10,40,10,20,1,5,1,5,1,5,1,5,1,5,3,5,true,false
91,91 Linko Queen Bedsheet,10,15,40,60,200,1000,200,1000,10,20,10,40,10,20,1,5,1,5,1,5,1,5,1,5,3,5,true,false
92,92 Linko Queen Bedsheet,10,15,40,60,200,1000,200,1000,10,20,10,40,10,20,1,5,1,5,1,5,1,5,1,5,3,5,true,false
93,93 Linko Queen Bedsheet,10,15,40,60,200,1000,200,1000,10,20,10,40,10,20,1,5,1,5,1,5,1,5,1,5,3,5,true,false
94,94 Linko Queen Bedsheet,10,15,40,60,200,1000,200,1000,10,20,10,40,10,20,1,5,1,5,1,5,1,5,1,5,3,5,true,false
95,95 Linko Queen Bedsheet,10,15,40,60,200,1000,200,1000,10,20,10,40,10,20,1,5,1,5,1,5,1,5,1,5,3,5,true,false
96,96 Linko Queen Bedsheet,10,15,40,60,200,1000,200,1000,10,20,10,40,10,20,1,5,1,5,1,5,1,5,1,5,3,5,true,false
97,97 Linko Queen Bedsheet,10,15,40,60,200,1000,200,1000,10,20,10,40,10,20,1,5,1,5,1,5,1,5,1,5,3,5,true,false
98,98 Linko Queen Bedsheet,10,15,40,60,200,1000,200,1000,10,20,10,40,10,20,1,5,1,5,1,5,1,5,1,5,3,5,true,false
99,99 Linko Queen Bedsheet,10,15,40,60,200,1000,200,1000,10,20,10,40,10,20,1,5,1,5,1,5,1,5,1,5,3,5,true,false
100,100 Linko Queen Bedsheet,10,15,40,60,200,1000,200,1000,10,20,10,40,10,20,1,5,1,5,1,5,1,5,1,5,3,5,true,false
101,101 Linko Queen Bedsheet,10,15,40,60,200,1000,200,1000,10,20,10,40,10,20,1,5,1,5,1,5,1,5,1,5,3,5,true,false
102,102 Linko Queen Bedsheet,10,15,40,60,200,1000,200,1000,10,20,10,40,10,20,1,5,1,5,1,5,1,5,1,5,3,5,true,false
103,103 Linko Queen Bedsheet,10,15,40,60,200,1000,200,1000,10,20,10,40,10,20,1,5,1,5,1,5,1,5,1,5,3,5,true,false
104,104 Linko Queen Bedsheet,10,15,40,60,200,1000,200,1000,10,20,10,40,10,20,1,5,1,5,1,5,1,5,1,5,3,5,true,false
105,105 Linko Queen Bedsheet,10,15,40,60,200,1000,200,1000,10,20,10,40,10,20,1,5,1,5,1,5,1,5,1,5,3,5,true,false
106,106 Linko Queen Bedsheet,10,15,40,60,200,1000,200,1000,10,20,10,40,10,20,1,5,1,5,1,5,1,5,1,5,3,5,true,false
107,107 Linko Queen Bedsheet,10,15,40,60,200,1000,200,1000,10,20,10,40,10,20,1,5,1,5,1,5,1,5,1,5,3,5,true,false
108,108 Linko Queen Bedsheet,10,15,40,60,200,1000,200,1000,10,20,10,40,10,20,1,5,1,5,1,5,1,5,1,5,3,5,true,false
109,109 Linko Queen Bedsheet,10,15,40,60,200,1000,200,1000,10,20,10,40,10,20,1,5,1,5,1,5,1,5,1,5,3,5,true,false
110,110 Linko Queen Bedsheet,10,15,40,60,200,1000,200,1000,10,20,10,40,10,20,1,5,1,5,1,5,1,5,1,5,3,5,true,false
111,111 Linko Queen Bedsheet,10,15,40,60,200,1000,200,1000,10,20,10,40,10,20,1,5,1,5,1,5,1,5,1,5,3,5,true,false
112,112 Linko Queen Bedsheet,10,15,40,60,200,1000,200,1000,10,20,10,40,10,20,1,5,1,5,1,5,1,5,1,5,3,5,true,false
113,113 Linko Queen Bedsheet,10,15,40,60,200,1000,200,1000,10,20,10,40,10,20,1,5,1,5,1,5,1,5,1,5,3,5,true,false
114,114 Linko Queen Bedsheet,10,15,40,60,200,1000,200,1000,10,20,10,40,10,20,1,5,1,5,1,5,1,5,1,5,3,5,true,false
115,115 Linko Queen Bedsheet,10,15,40,60,200,1000,200,1000,10,20,10,40,10,20,1,5,1,5,1,5,1,5,1,5,3,5,true,false
116,116 Linko Queen Bedsheet,10,15,40,60,200,1000,200,1000,10,20,10,40,10,20,1,5,1,5,1,5,1,5,1,5,3,5,true,false
117,117 Linko Queen Bedsheet,10,15,40,60,200,1000,200,1000,10,20,10,40,10,20,1,5,1,5,1,5,1,5,1,5,3,5,true,false
118,118 Linko Queen Bedsheet,10,15,40,60,200,1000,200,1000,10,20,10,40,10,20,1,5,1,5,1,5,1,5,1,5,3,5,true,false
119,119 Linko Queen Bedsheet,10,15,40,60,200,1000,200,1000,10,20,10,40,10,20,1,5,1,5,1,5,1,5,1,5,3,5,true,false
120,120 Linko Queen Bedsheet,10,15,40,60,200,1000,200,1000,10,20,10,40,10,20,1,5,1,5,1,5,1,5,1,5,3,5,true,false
121,121 Linko Queen Bedsheet,10,15,40,60,200,1000,200,1000,10,20,10,40,10,20,1,5,1,5,1,5,1,5,1,5,3,5,true,false
122,122 Linko Queen Bedsheet,10,15,40,60,200,1000,200,1000,10,20,10,40,10,20,1,5,1,5,1,5,1,5,1,5,3,5,true,false
123,123 Linko Queen Bedsheet,10,15,40,60,200,1000,200,1000,10,20,10,40,10,20,1,5,1,5,1,5,1,5,1,5,3,5,true,false
124,124 Linko Queen Bedsheet,10,15,40,60,200,1000,200,1000,10,20,10,40,10,20,1,5,1,5,1,5,1,5,1,5,3,5,true,false
125,125 Linko Queen Bedsheet,10,15,40,60,200,1000,200,1000,10,20,10,40,10,20,1,5,1,5,1,5,1,5,1,5,3,5,true,false
126,126 Linko Queen Bedsheet,10,15,40,60,200,1000,200,1000,10,20,10,40,10,20,1,5,1,5,1,5,1,5,1,5,3,5,true,false
127,127 Linko Queen Bedsheet,10,15,40,60,200,1000,200,1000,10,20,10,40,10,20,1,5,1,5,1,5,1,5,1,5,3,5,true,false
128,128 Linko Queen Bedsheet,10,15,40,60,200,1000,200,1000,10,20,10,40,10,20,1,5,1,5,1,5,1,5,1,5,3,5,true,false
129,129 Linko Queen Bedsheet,10,15,40,60,200,1000,200,1000,10,20,10,40,10,20,1,5,1,5,1,5,1,5,1,5,3,5,true,false
130,130 Linko Queen Bedsheet,10,15,40,60,200,1000,200,1000,10,20,10,40,10,20,1,5,1,5,1,5,1,5,1,5,3,5,true,false
131,131 Linko Queen Bedsheet,10,15,40,60,200,1000,200,1000,10,20,10,40,10,20,1,5,1,5,1,5,1,5,1,5,3,5,true,false
132,132 Linko Queen Bedsheet,10,15,40,60,200,1000,200,1000,10,20,10,40,10,20,1,5,1,5,1,5,1,5,1,5,3,5,true,false
133,133 Linko Queen Bedsheet,10,15,40,60,200,1000,200,1000,10,20,10,40,10,20,1,5,1,5,1,5,1,5,1,5,3,5,true,false
134,134 Linko Queen Bedsheet,10,15,40,60,200,1000,200,1000,10,20,10,40,10,20,1,5,1,5,1,5,1,5,1,5,3,5,true,false
135,135 Linko Queen Bedsheet,10,15,40,60,200,1000,200,1000,10,20,10,40,10,20,1,5,1,5,1,5,1,5,1,5,3,5,true,false
136,136 Linko Queen Bedsheet,10,15,40,60,200,1000,200,1000,10,20,10,40,10,20,1,5,1,5,1,5,1,5,1,5,3,5,true,false
137,137 Linko Queen Bedsheet,10,15,40,60,200,1000,200,1000,10,20,10,40,10,20,1,5,1,5,1,5,1,5,1,5,3,5,true,false
138,138 Linko Queen Bedsheet,10,15,40,60,200,1000,200,1000,10,20,10,40,10,20,1,5,1,5,1,5,1,5,1,5,3,5,true,false
139,139 Linko Queen Bedsheet,10,15,40,60,200,1000,200,1000,10,20,10,40,10,20,1,5,1,5,1,5,1,5,1,5,3,5,true,false
140,140 Linko Queen Bedsheet,10,15,40,60,200,1000,200,1000,10,20,10,40,10,20,1,5,1,5,1,5,1,5,1,5,3,5,true,false
141,141 Linko Queen Bedsheet,10,15,40,60,200,1000,200,1000,10,20,10,40,10,20,1,5,1,5,1,5,1,5,1,5,3,5,true,false
142,142 Linko Queen Bedsheet,10,15,40,60,200,1000,200,1000,10,20,10,40,10,20,1,5,1,5,1,5,1,5,1,5,3,5,true,false
143,143 Linko Queen Bedsheet,10,15,40,60,200,1000,200,1000,10,20,10,40,10,20,1,5,1,5,1,5,1,5,1,5,3,5,true,false
144,144 Linko Queen Bedsheet,10,15,40,60,200,1000,200,1000,10,20,10,40,10,20,1,5,1,5,1,5,1,5,1,5,3,5,true,false
145,145 Linko Queen Bedsheet,10,15,40,60,200,1000,200,1000,10,20,10,40,10,20,1,5,1,5,1,5,1,5,1,5,3,5,true,false
146,146 Linko Queen Bedsheet,10,15,40,60,200,1000,200,1000,10,20,10,40,10,20,1,5,1,5,1,5,1,5,1,5,3,5,true,false
147,147 Linko Queen Bedsheet,10,15,40,60,200,1000,200,1000,10,20,10,40,10,20,1,5,1,5,1,5,1,5,1,5,3,5,true,false
148,148 Linko Queen Bedsheet,10,15,40,60,200,1000,200,1000,10,20,10,40,10,20,1,5,1,5,1,5,1,5,1,5,3,5,true,false
149,149 Linko Queen Bedsheet,10,15,40,60,200,1000,200,1000,10,20,10,40,10,20,1,5,1,5,1,5,1,5,1,5,3,5,true,false
150,150 Linko Queen Bedsheet,10,15,40,60,200,1000,200,1000,10,20,10,40,10,20,1,5,1,5,1,5,1,5,1,5,3,5,true,false
151,151 Linko Queen Bedsheet,10,15,40,60,200,1000,200,1000,10,20,10,40,10,20,1,5,1,5,1,5,1,5,1,5,3,5,true,false
152,152 Linko Queen Bedsheet,10,15,40,60,200,1000,200,1000,10,20,10,40,10,20,1,5,1,5,1,5,1,5,1,5,3,5,true,false
153,153 Linko Queen Bedsheet,10,15,40,60,200,1000,200,1000,10,20,10,40,10,20,1,5,1,5,1,5,1,5,1,5,3,5,true,false
154,154 Linko Queen Bedsheet,10,15,40,60,200,1000,200,1000,10,20,10,40,10,20,1,5,1,5,1,5,1,5,1,5,3,5,true,false
155,155 Linko Queen Bedsheet,10,15,40,60,200,1000,200,1000,10,20,10,40,10,20,1,5,1,5,1,5,1,5,1,5,3,5,true,false
156,156 Linko Queen Bedsheet,10,15,40,60,200,1000,200,1000,10,20,10,40,10,20,1,5,1,5,1,5,1,5,1,5,3,5,true,false
157,157 Linko Queen Bedsheet,10,15,40,60,200,1000,200,1000,10,20,10,40,10,20,1,5,1,5,1,5,1,5,1,5,3,5,true,false
158,158 Linko Queen Bedsheet,10,15,40,60,200,1000,200,1000,10,20,10,40,10,20,1,5,1,5,1,5,1,5,1,5,3,5,true,false
159,159 Linko Queen Bedsheet,10,15,40,60,200,1000,200,1000,10,20,10,40,10,20,1,5,1,5,1,5,1,5,1,5,3,5,true,false
160,160 Linko Queen Bedsheet,10,15,40,60,200,1000,200,1000,10,20,10,40,10,20,1,5,1,5,1,5,1,5,1,5,3,5,true,false
161,161 Linko Queen Bedsheet,10,15,40,60,200,1000,200,1000,10,20,10,40,10,20,1,5,1,5,1,5,1,5,1,5,3,5,true,false
162,162 Linko Queen Bedsheet,10,15,40,60,200,1000,200,1000,10,20,10,40,10,20,1,5,1,5,1,5,1,5,1,5,3,5,true,false
163,163 Linko Queen Bedsheet,10,15,40,60,200,1000,200,1000,10,20,10,40,10,20,1,5,1,5,1,5,1,5,1,5,3,5,true,false
164,164 Linko Queen Bedsheet,10,15,40,60,200,1000,200,1000,10,20,10,40,10,20,1,5,1,5,1,5,1,5,1,5,3,5,true,false
165,165 Linko Queen Bedsheet,10,15,40,60,200,1000,200,1000,10,20,10,40,10,20,1,5,1,5,1,5,1,5,1,5,3,5,true,false
166,166 Linko Queen Bedsheet,10,15,40,60,200,1000,200,1000,10,20,10,40,10,20,1,5,1,5,1,5,1,5,1,5,3,5,true,false
167,167 Linko Queen Bedsheet,10,15,40,60,200,1000,200,1000,10,20,10,40,10,20,1,5,1,5,1,5,1,5,1,5,3,5,true,false
168,168 Linko Queen Bedsheet,10,15,40,60,200,1000,200,1000,10,20,10,40,10,20,1,5,1,5,1,5,1,5,1,5,3,5,true,false
169,169 Linko Queen Bedsheet,10,15,40,60,200,1000,200,1000,10,20,10,40,10,20,1,5,1,5,1,5,1,5,1,5,3,5,true,false
170,170 Linko Queen Bedsheet,10,15,40,60,200,1000,200,1000,10,20,10,40,10,20,1,5,1,5,1,5,1,5,1,5,3,5,true,false
171,171 Linko Queen Bedsheet,10,15,40,60,200,1000,200,1000,10,20,10,40,10,20,1,5,1,5,1,5,1,5,1,5,3,5,true,false
172,172 Linko Queen Bedsheet,10,15,40,60,200,1000,200,1000,10,20,10,40,10,20,1,5,1,5,1,5,1,5,1,5,3,5,true,false
173,173 Linko Queen Bedsheet,10,15,40,60,200,1000,200,1000,10,20,10,40,10,20,1,5,1,5,1,5,1,5,1,5,3,5,true,false
174,174 Linko Queen Bedsheet,10,15,40,60,200,1000,200,1000,10,20,10,40,10,20,1,5,1,5,1,5,1,5,1,5,3,5,true,false
175,175 Linko Queen Bedsheet,10,15,40,60,200,1000,200,1000,10,20,10,40,10,20,1,5,1,5,1,5,1,5,1,5,3,5,true,false
176,176 Linko Queen Bedsheet,10,15,40,60,200,1000,200,1000,10,20,10,40,10,20,1,5,1,5,1,5,1,5,1,5,3,5,true,false
177,177 Linko Queen Bedsheet,10,15,40,60,200,1000,200,1000,10,20,10,40,10,20,1,5,1,5,1,5,1,5,1,5,3,5,true,false
178,178 Linko Queen Bedsheet,10,15,40,60,200,1000,200,1000,10,20,10,40,10,20,1,5,1,5,1,5,1,5,1,5,3,5,true,false
179,179 Linko Queen Bedsheet,10,15,40,60,200,1000,200,1000,10,20,10,40,10,20,1,5,1,5,1,5,1,5,1,5,3,5,true,false
180,180 Linko Queen Bedsheet,10,15,40,60,200,1000,200,1000,10,20,10,40,10,20,1,5,1,5,1,5,1,5,1,5,3,5,true,false
181,181 Linko Queen Bedsheet,10,15,40,60,200,1000,200,1000,10,20,10,40,10,20,1,5,1,5,1,5,1,5,1,5,3,5,true,false
182,182 Linko Queen Bedsheet,10,15,40,60,200,1000,200,1000,10,20,10,40,10,20,1,5,1,5,1,5,1,5,1,5,3,5,true,false
183,183 Linko Queen Bedsheet,10,15,40,60,200,1000,200,1000,10,20,10,40,10,20,1,5,1,5,1,5,1,5,1,5,3,5,true,false
184,184 Linko Queen Bedsheet,10,15,40,60,200,1000,200,1000,10,20,10,40,10,20,1,5,1,5,1,5,1,5,1,5,3,5,true,false
185,185 Linko Queen Bedsheet,10,15,40,60,200,1000,200,1000,10,20,10,40,10,20,1,5,1,5,1,5,1,5,1,5,3,5,true,false
186,186 Linko Queen Bedsheet,10,15,40,60,200,1000,200,1000,10,20,10,40,10,20,1,5,1,5,1,5,1,5,1,5,3,5,true,false
187,187 Linko Queen Bedsheet,10,15,40,60,200,1000,200,1000,10,20,10,40,10,20,1,5,1,5,1,5,1,5,1,5,3,5,true,false
188,188 Linko Queen Bedsheet,10,15,40,60,200,1000,200,1000,10,20,10,40,10,20,1,5,1,5,1,5,1,5,1,5,3,5,true,false
189,189 Linko Queen Bedsheet,10,15,40,60,200,1000,200,1000,10,20,10,40,10,20,1,5,1,5,1,5,1,5,1,5,3,5,true,false
190,190 Linko Queen Bedsheet,10,15,40,60,200,1000,200,1000,10,20,10,40,10,20,1,5,1,5,1,5,1,5,1,5,3,5,true,false
191,191 Linko Queen Bedsheet,10,15,40,60,200,1000,200,1000,10,20,10,40,10,20,1,5,1,5,1,5,1,5,1,5,3,5,true,false
192,192 Linko Queen Bedsheet,10,15,40,60,200,1000,200,1000,10,20,10,40,10,20,1,5,1,5,1,5,1,5,1,5,3,5,true,false
193,193 Linko Queen Bedsheet,10,15,40,60,200,1000,200,1000,10,20,10,40,10,20,1,5,1,5,1,5,1,5,1,5,3,5,true,false
194,194 Linko Queen Bedsheet,10,15,40,60,200,1000,200,1000,10,20,10,40,10,20,1,5,1,5,1,5,1,5,1,5,3,5,true,false
195,195 Linko Queen Bedsheet,10,15,40,60,200,1000,200,1000,10,20,10,40,10,20,1,5,1,5,1,5,1,5,1,5,3,5,true,false
196,196 Linko Queen Bedsheet,10,15,40,60,200,1000,200,1000,10,20,10,40,10,20,1,5,1,5,1,5,1,5,1,5,3,5,true,false
197,197 Linko Queen Bedsheet,10,15,40,60,200,1000,200,1000,10,20,10,40,10,20,1,5,1,5,1,5,1,5,1,5,3,5,true,false
198,198 Linko Queen Bedsheet,10,15,40,60,200,1000,200,1000,10,20,10,40,10,20,1,5,1,5,1,5,1,5,1,5,3,5,true,false
199,199 Linko Queen Bedsheet,10,15,40,60,200,1000,200,1000,10,20,10,40,10,20,1,5,1,5,1,5,1,5,1,5,3,5,true,false
200,200 Linko Queen Bedsheet,10,15,40,60,200,1000,200,1000,10,20,10,40,10,20,1,5,1,5,1,5,1,5,1,5,3,5,true,false
201,201 Linko Queen Bedsheet,10,15,40,60,200,1000,200,1000,10,20,10,40,10,20,1,5,1,5,1,5,1,5,1,5,3,5,true,false
202,202 Linko Queen Bedsheet,10,15,40,60,200,1000,200,1000,10,20,10,40,10,20,1,5,1,5,1,5,1,5,1,5,3,5,true,false
203,203 Linko Queen Bedsheet,10,15,40,60,200,1000,200,1000,10,20,10,40,10,20,1,5,1,5,1,5,1,5,1,5,3,5,true,false
204,204 Linko Queen Bedsheet,10,15,40,60,200,1000,200,1000,10,20,10,40,10,20,1,5,1,5,1,5,1,5,1,5,3,5,true,false
205,205 Linko Queen Bedsheet,10,15,40,60,200,1000,200,1000,10,20,10,40,10,20,1,5,1,5,1,5,1,5,1,5,3,5,true,false
206,206 Linko Queen Bedsheet,10,15,40,60,200,1000,200,1000,10,20,10,40,10,20,1,5,1,5,1,5,1,5,1,5,3,5,true,false
207,207 Linko Queen Bedsheet,10,15,40,60,200,1000,200,1000,10,20,10,40,10,20,1,5,1,5,1,5,1,5,1,5,3,5,true,false
208,208 Linko Queen Bedsheet,10,15,40,60,200,1000,200,1000,10,20,10,40,10,20,1,5,1,5,1,5,1,5,1,5,3,5,true,false
209,209 Linko Queen Bedsheet,10,15,40,60,200,1000,200,1000,10,20,10,40,10,20,1,5,1,5,1,5,1,5,1,5,3,5,true,false
210,210 Linko Queen Bedsheet,10,15,40,60,200,1000,200,1000,10,20,10,40,10,20,1,5,1,5,1,5,1,5,1,5,3,5,true,false
211,211 Linko Queen Bedsheet,10,15,40,60,200,1000,200,1000,10,20,10,40,10,20,1,5,1,5,1,5,1,5,1,5,3,5,true,false
212,212 Linko Queen Bedsheet,10,15,40,60,200,1000,200,1000,10,20,10,40,10,20,1,5,1,5,1,5,1,5,1,5,3,5,true,false
213,213 Linko Queen Bedsheet,10,15,40,60,200,1000,200,1000,10,20,10,40,10,20,1,5,1,5,1,5,1,5,1,5,3,5,true,false
214,214 Linko Queen Bedsheet,10,15,40,60,200,1000,200,1000,10,20,10,40,10,20,1,5,1,5,1,5,1,5,1,5,3,5,true,false
215,215 Linko Queen Bedsheet,10,15,40,60,200,1000,200,1000,10,20,10,40,10,20,1,5,1,5,1,5,1,5,1,5,3,5,true,false
216,216 Linko Queen Bedsheet,10,15,40,60,200,1000,200,1000,10,20,10,40,10,20,1,5,1,5,1,5,1,5,1,5,3,5,true,false
217,217 Linko Queen Bedsheet,10,15,40,60,200,1000,200,1000,10,20,10,40,10,20,1,5,1,5,1,5,1,5,1,5,3,5,true,false
218,218 Linko Queen Bedsheet,10,15,40,60,200,1000,200,1000,10,20,10,40,10,20,1,5,1,5,1,5,1,5,1,5,3,5,true,false
219,219 Linko Queen Bedsheet,10,15,40,60,200,1000,200,1000,10,20,10,40,10,20,1,5,1,5,1,5,1,5,1,5,3,5,true,false
220,220 Linko Queen Bedsheet,10,15,40,60,200,1000,200,1000,10,20,10,40,10,20,1,5,1,5,1,5,1,5,1,5,3,5,true,false
221,221 Linko Queen Bedsheet,10,15,40,60,200,1000,200,1000,10,20,10,40,10,20,1,5,1,5,1,5,1,5,1,5,3,5,true,false
222,222 Linko Queen Bedsheet,10,15,40,60,200,1000,200,1000,10,20,10,40,10,20,1,5,1,5,1,5,1,5,1,5,3,5,true,false
223,223 Linko Queen Bedsheet,10,15,40,60,200,1000,200,1000,10,20,10,40,10,20,1,5,1,5,1,5,1,5,1,5,3,5,true,false
224,224 Linko Queen Bedsheet,10,15,40,60,200,1000,200,1000,10,20,10,40,10,20,1,5,1,5,1,5,1,5,1,5,3,5,true,false
225,225 Linko Queen Bedsheet,10,15,40,60,200,1000,200,1000,10,20,10,40,10,20,1,5,1,5,1,5,1,5,1,5,3,5,true,false
226,226 Linko Queen Bedsheet,10,15,40,60,200,1000,200,1000,10,20,10,40,10,20,1,5,1,5,1,5,1,5,1,5,3,5,true,false
227,227 Linko Queen Bedsheet,10,15,40,60,200,1000,200,1000,10,20,10,40,10,20,1,5,1,5,1,5,1,5,1,5,3,5,true,false
228,228 Linko Queen Bedsheet,10,15,40,60,200,1000,200,1000,10,20,10,40,10,20,1,5,1,5,1,5,1,5,1,5,3,5,true,false
229,229 Linko Queen Bedsheet,10,15,40,60,200,1000,200,1000,10,20,10,40,10,20,1,5,1,5,1,5,1,5,1,5,3,5,true,false
230,230 Linko Queen Bedsheet,10,15,40,60,200,1000,200,1000,10,20,10,40,10,20,1,5,1,5,1,5,1,5,1,5,3,5,true,false
231,231 Linko Queen Bedsheet,10,15,40,60,200,1000,200,1000,10,20,10,40,10,20,1,5,1,5,1,5,1,5,1,5,3,5,true,false
232,232 Linko Queen Bedsheet,10,15,40,60,200,1000,200,1000,10,20,10,40,10,20,1,5,1,5,1,5,1,5,1,5,3,5,true,false
233,233 Linko Queen Bedsheet,10,15,40,60,200,1000,200,1000,10,20,10,40,10,20,1,5,1,5,1,5,1,5,1,5,3,5,true,false
234,234 Linko Queen Bedsheet,10,15,40,60,200,1000,200,1000,10,20,10,40,10,20,1,5,1,5,1,5,1,5,1,5,3,5,true,false
235,235 Linko Queen Bedsheet,10,15,40,60,200,1000,200,1000,10,20,10,40,10,20,1,5,1,5,1,5,1,5,1,5,3,5,true,false
236,236 Linko Queen Bedsheet,10,15,40,60,200,1000,200,1000,10,20,10,40,10,20,1,5,1,5,1,5,1,5,1,5,3,5,true,false
237,237 Linko Queen Bedsheet,10,15,40,60,200,1000,200,1000,10,20,10,40,10,20,1,5,1,5,1,5,1,5,1,5,3,5,true,false
238,238 Linko Queen Bedsheet,10,15,40,60,200,1000,200,1000,10,20,10,40,10,20,1,5,1,5,1,5,1,5,1,5,3,5,true,false
239,239 Linko Queen Bedsheet,10,15,40,60,200,1000,200,1000,10,20,10,40,10,20,1,5,1,5,1,5,1,5,1,5,3,5,true,false
240,240 Linko Queen Bedsheet,10,15,40,60,200,1000,200,1000,10,20,10,40,10,20,1,5,1,5,1,5,1,5,1,5,3,5,true,false
241,241 Linko Queen Bedsheet,10,15,40,60,200,1000,200,1000,10,20,10,40,10,20,1,5,1,5,1,5,1,5,1,5,3,5,true,false
242,242 Linko Queen Bedsheet,10,15,40,60,200,1000,200,1000,10,20,10,40,10,20,1,5,1,5,1,5,1,5,1,5,3,5,true,false
243,243 Linko Queen Bedsheet,10,15,40,60,200,1000,200,1000,10,20,10,40,10,20,1,5,1,5,1,5,1,5,1,5,3,5,true,false
244,244 Linko Queen Bedsheet,10,15,40,60,200,1000,200,1000,10,20,10,40,10,20,1,5,1,5,1,5,1,5,1,5,3,5,true,false
245,245 Linko Queen Bedsheet,10,15,40,60,200,1000,200,1000,10,20,10,40,10,20,1,5,1,5,1,5,1,5,1,5,3,5,true,false
246,246 Linko Queen Bedsheet,10,15,40,60,200,1000,200,1000,10,20,10,40,10,20,1,5,1,5,1,5,1,5,1,5,3,5,true,false
247,247 Linko Queen Bedsheet,10,15,40,60,200,1000,200,1000,10,20,10,40,10,20,1,5,1,5,1,5,1,5,1,5,3,5,true,false
248,248 Linko Queen Bedsheet,10,15,40,60,200,1000,200,1000,10,20,10,40,10,20,1,5,1,5,1,5,1,5,1,5,3,5,true,false
249,249 Linko Queen Bedsheet,10,15,40,60,200,1000,200,1000,10,20,10,40,10,20,1,5,1,5,1,5,1,5,1,5,3,5,true,false
250,250 Linko Queen Bedsheet,10,15,40,60,200,1000,200,1000,10,20,10,40,10,20,1,5,1,5,1,5,1,5,1,5,3,5,true,false
251,251 Linko Queen Bedsheet,10,15,40,60,200,1000,200,1000,10,20,10,40,10,20,1,5,1,5,1,5,1,5,1,5,3,5,true,false
252,252 Linko Queen Bedsheet,10,15,40,60,200,1000,200,1000,10,20,10,40,10,20,1,5,1,5,1,5,1,5,1,5,3,5,true,false
253,253 Linko Queen Bedsheet,10,15,40,60,200,1000,200,1000,10,20,10,40,10,20,1,5,1,5,1,5,1,5,1,5,3,5,true,false
254,254 Linko Queen Bedsheet,10,15,40,60,200,1000,200,1000,10,20,10,40,10,20,1,5,1,5,1,5,1,5,1,5,3,5,true,false
255,255 Linko Queen Bedsheet,10,15,40,60,200,1000,200,1000,10,20,10,40,10,20,1,5,1,5,1,5,1,5,1,5,3,5,true,false
256,256 Linko Queen Bedsheet,10,15,40,60,200,1000,200,1000,10,20,10,40,10,20,1,5,1,5,1,5,1,5,1,5,3,5,true,false
257,257 Linko Queen Bedsheet,10,15,40,60,200,1000,200,1000,10,20,10,40,10,20,1,5,1,5,1,5,1,5,1,5,3,5,true,false
258,258 Linko Queen Bedsheet,10,15,40,60,200,1000,200,1000,10,20,10,40,10,20,1,5,1,5,1,5,1,5,1,5,3,5,true,false
259,259 Linko Queen Bedsheet,10,15,40,60,200,1000,200,1000,10,20,10,40,10,20,1,5,1,5,1,5,1,5,1,5,3,5,true,false
260,260 Linko Queen Bedsheet,10,15,40,60,200,1000,200,1000,10,20,10,40,10,20,1,5,1,5,1,5,1,5,1,5,3,5,true,false
261,261 Linko Queen Bedsheet,10,15,40,60,200,1000,200,1000,10,20,10,40,10,20,1,5,1,5,1,5,1,5,1,5,3,5,true,false
262,262 Linko Queen Bedsheet,10,15,40,60,200,1000,200,1000,10,20,10,40,10,20,1,5,1,5,1,5,1,5,1,5,3,5,true,false
263,263 Linko Queen Bedsheet,10,15,40,60,200,1000,200,1000,10,20,10,40,10,20,1,5,1,5,1,5,1,5,1,5,3,5,true,false
264,264 Linko Queen Bedsheet,10,15,40,60,200,1000,200,1000,10,20,10,40,10,20,1,5,1,5,1,5,1,5,1,5,3,5,true,false
265,265 Linko Queen Bedsheet,10,15,40,60,200,1000,200,1000,10,20,10,40,10,20,1,5,1,5,1,5,1,5,1,5,3,5,true,false
266,266 Linko Queen Bedsheet,10,15,40,60,200,1000,200,1000,10,20,10,40,10,20,1,5,1,5,1,5,1,5,1,5,3,5,true,false
267,267 Linko Queen Bedsheet,10,15,40,60,200,1000,200,1000,10,20,10,40,10,20,1,5,1,5,1,5,1,5,1,5,3,5,true,false
268,268 Linko Queen Bedsheet,10,15,40,60,200,1000,200,1000,10,20,10,40,10,20,1,5,1,5,1,5,1,5,1,5,3,5,true,false
269,269 Linko Queen Bedsheet,10,15,40,60,200,1000,200,1000,10,20,10,40,10,20,1,5,1,5,1,5,1,5,1,5,3,5,true,false
270,270 Linko Queen Bedsheet,10,15,40,60,200,1000,200,1000,10,20,10,40,10,20,1,5,1,5,1,5,1,5,1,5,3,5,true,false
271,271 Linko Queen Bedsheet,10,15,40,60,200,1000,200,1000,10,20,10,40,10,20,1,5,1,5,1,5,1,5,1,5,3,5,true,false
272,272 Linko Queen Bedsheet,10,15,40,60,200,1000,200,1000,10,20,10,40,10,20,1,5,1,5,1,5,1,5,1,5,3,5,true,false
273,273 Linko Queen Bedsheet,10,15,40,60,200,1000,200,1000,10,20,10,40,10,20,1,5,1,5,1,5,1,5,1,5,3,5,true,false
274,274 Linko Queen Bedsheet,10,15,40,60,200,1000,200,1000,10,20,10,40,10,20,1,5,1,5,1,5,1,5,1,5,3,5,true,false
275,275 Linko Queen Bedsheet,10,15,40,60,200,1000,200,1000,10,20,10,40,10,20,1,5,1,5,1,5,1,5,1,5,3,5,true,false
276,276 Linko Queen Bedsheet,10,15,40,60,200,1000,200,1000,10,20,10,40,10,20,1,5,1,5,1,5,1,5,1,5,3,5,true,false
277,277 Linko Queen Bedsheet,10,15,40,60,200,1000,200,1000,10,20,10,40,10,20,1,5,1,5,1,5,1,5,1,5,3,5,true,false
278,278 Linko Queen Bedsheet,10,15,40,60,200,1000,200,1000,10,20,10,40,10,20,1,5,1,5,1,5,1,5,1,5,3,5,true,false
279,279 Linko Queen Bedsheet,10,15,40,60,200,1000,200,1000,10,20,10,40,10,20,1,5,1,5,1,5,1,5,1,5,3,5,true,false
280,280 Linko Queen Bedsheet,10,15,40,60,200,1000,200,1000,10,20,10,40,10,20,1,5,1,5,1,5,1,5,1,5,3,5,true,false
281,281 Linko Queen Bedsheet,10,15,40,60,200,1000,200,1000,10,20,10,40,10,20,1,5,1,5,1,5,1,5,1,5,3,5,true,false
282,282 Linko Queen Bedsheet,10,15,40,60,200,1000,200,1000,10,20,10,40,10,20,1,5,1,5,1,5,1,5,1,5,3,5,true,false
283,283 Linko Queen Bedsheet,10,15,40,60,200,1000,200,1000,10,20,10,40,10,20,1,5,1,5,1,5,1,5,1,5,3,5,true,false
284,284 Linko Queen Bedsheet,10,15,40,60,200,1000,200,1000,10,20,10,40,10,20,1,5,1,5,1,5,1,5,1,5,3,5,true,false
285,285 Linko Queen Bedsheet,10,15,40,60,200,1000,200,1000,10,20,10,40,10,20,1,5,1,5,1,5,1,5,1,5,3,5,true,false
286,286 Linko Queen Bedsheet,10,15,40,60,200,1000,200,1000,10,20,10,40,10,20,1,5,1,5,1,5,1,5,1,5,3,5,true,false
287,287 Linko Queen Bedsheet,10,15,40,60,200,1000,200,1000,10,20,10,40,10,20,1,5,1,5,1,5,1,5,1,5,3,5,true,false
288,288 Linko Queen Bedsheet,10,15,40,60,200,1000,200,1000,10,20,10,40,10,20,1,5,1,5,1,5,1,5,1,5,3,5,true,false
289,289 Linko Queen Bedsheet,10,15,40,60,200,1000,200,1000,10,20,10,40,10,20,1,5,1,5,1,5,1,5,1,5,3,5,true,false
290,290 Linko Queen Bedsheet,10,15,40,60,200,1000,200,1000,10,20,10,40,10,20,1,5,1,5,1,5,1,5,1,5,3,5,true,false
291,291 Linko Queen Bedsheet,10,15,40,60,200,1000,200,1000,10,20,10,40,10,20,1,5,1,5,1,5,1,5,1,5,3,5,true,false
292,292 Linko Queen Bedsheet,10,15,40,60,200,1000,200,1000,10,20,10,40,10,20,1,5,1,5,1,5,1,5,1,5,3,5,true,false
293,293 Linko Queen Bedsheet,10,15,40,60,200,1000,200,1000,10,20,10,40,10,20,1,5,1,5,1,5,1,5,1,5,3,5,true,false
294,294 Linko Queen Bedsheet,10,15,40,60,200,1000,200,1000,10,20,10,40,10,20,1,5,1,5,1,5,1,5,1,5,3,5,true,false
295,295 Linko Queen Bedsheet,10,15,40,60,200,1000,200,1000,10,20,10,40,10,20,1,5,1,5,1,5,1,5,1,5,3,5,true,false
296,296 Linko Queen Bedsheet,10,15,40,60,200,1000,200,1000,10,20,10,40,10,20,1,5,1,5,1,5,1,5,1,5,3,5,true,false
297,297 Linko Queen Bedsheet,10,15,40,60,200,1000,200,1000,10,20,10,40,10,20,1,5,1,5,1,5,1,5,1,5,3,5,true,false
298,298 Linko Queen Bedsheet,10,15,40,60,200,1000,200,1000,10,20,10,40,10,20,1,5,1,5,1,5,1,5,1,5,3,5,true,false
299,299 Linko Queen Bedsheet,10,15,40,60,200,1000,200,1000,10,20,10,40,10,20,1,5,1,5,1,5,1,5,1,5,3,5,true,false
300,300 Linko Queen Bedsheet,10,15,40,60,200,1000,200,1000,10,20,10,40,10,20,1,5,1,5,1,5,1,5,1,5,3,5,true,false
301,301 Linko Queen Bedsheet,10,15,40,60,200,1000,200,1000,10,20,10,40,10,20,1,5,1,5,1,5,1,5,1,5,3,5,true,false
302,302 Linko Queen Bedsheet,10,15,40,60,200,1000,200,1000,10,20,10,40,10,20,1,5,1,5,1,5,1,5,1,5,3,5,true,false
303,303 Linko Queen Bedsheet,10,15,40,60,200,1000,200,1000,10,20,10,40,10,20,1,5,1,5,1,5,1,5,1,5,3,5,true,false
304,304 Linko Queen Bedsheet,10,15,40,60,200,1000,200,1000,10,20,10,40,10,20,1,5,1,5,1,5,1,5,1,5,3,5,true,false
305,305 Linko Queen Bedsheet,10,15,40,60,200,1000,200,1000,10,20,10,40,10,20,1,5,1,5,1,5,1,5,1,5,3,5,true,false
306,306 Linko Queen Bedsheet,10,15,40,60,200,1000,200,1000,10,20,10,40,10,20,1,5,1,5,1,5,1,5,1,5,3,5,true,false
307,307 Linko Queen Bedsheet,10,15,40,60,200,1000,200,1000,10,20,10,40,10,20,1,5,1,5,1,5,1,5,1,5,3,5,true,false
308,308 Linko Queen Bedsheet,10,15,40,60,200,1000,200,1000,10,20,10,40,10,20,1,5,1,5,1,5,1,5,1,5,3,5,true,false
309,309 Linko Queen Bedsheet,10,15,40,60,200,1000,200,1000,10,20,10,40,10,20,1,5,1,5,1,5,1,5,1,5,3,5,true,false
310,310 Linko Queen Bedsheet,10,15,40,60,200,1000,200,1000,10,20,10,40,10,20,1,5,1,5,1,5,1,5,1,5,3,5,true,false
311,311 Linko Queen Bedsheet,10,15,40,60,200,1000,200,1000,10,20,10,40,10,20,1,5,1,5,1,5,1,5,1,5,3,5,true,false
312,312 Linko Queen Bedsheet,10,15,40,60,200,1000,200,1000,10,20,10,40,10,20,1,5,1,5,1,5,1,5,1,5,3,5,true,false
313,313 Linko Queen Bedsheet,10,15,40,60,200,1000,200,1000,10,20,10,40,10,20,1,5,1,5,1,5,1,5,1,5,3,5,true,false
314,314 Linko Queen Bedsheet,10,15,40,60,200,1000,200,1000,10,20,10,40,10,20,1,5,1,5,1,5,1,5,1,5,3,5,true,false
315,315 Linko Queen Bedsheet,10,15,40,60,200,1000,200,1000,10,20,10,40,10,20,1,5,1,5,1,5,1,5,1,5,3,5,true,false
316,316 Linko Queen Bedsheet,10,15,40,60,200,1000,200,1000,10,20,10,40,10,20,1,5,1,5,1,5,1,5,1,5,3,5,true,false
317,317 Linko Queen Bedsheet,10,15,40,60,200,1000,200,1000,10,20,10,40,10,20,1,5,1,5,1,5,1,5,1,5,3,5,true,false
318,318 Linko Queen Bedsheet,10,15,40,60,200,1000,200,1000,10,20,10,40,10,20,1,5,1,5,1,5,1,5,1,5,3,5,true,false
319,319 Linko Queen Bedsheet,10,15,40,60,200,1000,200,1000,10,20,10,40,10,20,1,5,1,5,1,5,1,5,1,5,3,5,true,false
320,320 Linko Queen Bedsheet,10,15,40,60,200,1000,200,1000,10,20,10,40,10,20,1,5,1,5,1,5,1,5,1,5,3,5,true,false
321,321 Linko Queen Bedsheet,10,15,40,60,200,1000,200,1000,10,20,10,40,10,20,1,5,1,5,1,5,1,5,1,5,3,5,true,false
322,322 Linko Queen Bedsheet,10,15,40,60,200,1000,200,1000,10,20,10,40,10,20,1,5,1,5,1,5,1,5,1,5,3,5,true,false
323,323 Linko Queen Bedsheet,10,15,40,60,200,1000,200,1000,10,20,10,40,10,20,1,5,1,5,1,5,1,5,1,5,3,5,true,false
324,324 Linko Queen Bedsheet,10,15,40,60,200,1000,200,1000,10,20,10,40,10,20,1,5,1,5,1,5,1,5,1,5,3,5,true,false
325,325 Linko Queen Bedsheet,10,15,40,60,200,1000,200,1000,10,20,10,40,10,20,1,5,1,5,1,5,1,5,1,5,3,5,true,false
326,326 Linko Queen Bedsheet,10,15,40,60,200,1000,200,1000,10,20,10,40,10,20,1,5,1,5,1,5,1,5,1,5,3,5,true,false
327,327 Linko Queen Bedsheet,10,15,40,60,200,1000,200,1000,10,20,10,40,10,20,1,5,1,5,1,5,1,5,1,5,3,5,true,false
328,328 Linko Queen Bedsheet,10,15,40,60,200,1000,200,1000,10,20,10,40,10,20,1,5,1,5,1,5,1,5,1,5,3,5,true,false
329,329 Linko Queen Bedsheet,10,15,40,60,200,1000,200,1000,10,20,10,40,10,20,1,5,1,5,1,5,1,5,1,5,3,5,true,false
330,330 Linko Queen Bedsheet,10,15,40,60,200,1000,200,1000,10,20,10,40,10,20,1,5,1,5,1,5,1,5,1,5,3,5,true,false
331,331 Linko Queen Bedsheet,10,15,40,60,200,1000,200,1000,10,20,10,40,10,20,1,5,1,5,1,5,1,5,1,5,3,5,true,false
332,332 Linko Queen Bedsheet,10,15,40,60,200,1000,200,1000,10,20,10,40,10,20,1,5,1,5,1,5,1,5,1,5,3,5,true,false
333,333 Linko Queen Bedsheet,10,15,40,60,200,1000,200,1000,10,20,10,40,10,20,1,5,1,5,1,5,1,5,1,5,3,5,true,false
334,334 Linko Queen Bedsheet,10,15,40,60,200,1000,200,1000,10,20,10,40,10,20,1,5,1,5,1,5,1,5,1,5,3,5,true,false
335,335 Linko Queen Bedsheet,10,15,40,60,200,1000,200,1000,10,20,10,40,10,20,1,5,1,5,1,5,1,5,1,5,3,5,true,false
336,336 Linko Queen Bedsheet,10,15,40,60,200,1000,200,1000,10,20,10,40,10,20,1,5,1,5,1,5,1,5,1,5,3,5,true,false
337,337 Linko Queen Bedsheet,10,15,40,60,200,1000,200,1000,10,20,10,40,10,20,1,5,1,5,1,5,1,5,1,5,3,5,true,false
338,338 Linko Queen Bedsheet,10,15,40,60,200,1000,200,1000,10,20,10,40,10,20,1,5,1,5,1,5,1,5,1,5,3,5,true,false
339,339 Linko Queen Bedsheet,10,15,40,60,200,1000,200,1000,10,20,10,40,10,20,1,5,1,5,1,5,1,5,1,5,3,5,true,false
340,340 Linko Queen Bedsheet,10,15,40,60,200,1000,200,1000,10,20,10,40,10,20,1,5,1,5,1,5,1,5,1,5,3,5,true,false
341,341 Linko Queen Bedsheet,10,15,40,60,200,1000,200,1000,10,20,10,40,10,20,1,5,1,5,1,5,1,5,1,5,3,5,true,false
342,342 Linko Queen Bedsheet,10,15,40,60,200,1000,200,1000,10,20,10,40,10,20,1,5,1,5,1,5,1,5,1,5,3,5,true,false
343,343 Linko Queen Bedsheet,10,15,40,60,200,1000,200,1000,10,20,10,40,10,20,1,5,1,5,1,5,1,5,1,5,3,5,true,false
344,344 Linko Queen Bedsheet,10,15,40,60,200,1000,200,1000,10,20,10,40,10,20,1,5,1,5,1,5,1,5,1,5,3,5,true,false
345,345 Linko Queen Bedsheet,10,15,40,60,200,1000,200,1000,10,20,10,40,10,20,1,5,1,5,1,5,1,5,1,5,3,5,true,false
346,346 Linko Queen Bedsheet,10,15,40,60,200,1000,200,1000,10,20,10,40,10,20,1,5,1,5,1,5,1,5,1,5,3,5,true,false
347,347 Linko Queen Bedsheet,10,15,40,60,200,1000,200,1000,10,20,10,40,10,20,1,5,1,5,1,5,1,5,1,5,3,5,true,false
348,348 Linko Queen Bedsheet,10,15,40,60,200,1000,200,1000,10,20,10,40,10,20,1,5,1,5,1,5,1,5,1,5,3,5,true,false
349,349 Linko Queen Bedsheet,10,15,40,60,200,1000,200,1000,10,20,10,40,10,20,1,5,1,5,1,5,1,5,1,5,3,5,true,false
350,350 Linko Queen Bedsheet,10,15,40,60,200,1000,200,1000,10,20,10,40,10,20,1,5,1,5,1,5,1,5,1,5,3,5,true,false
351,351 Linko Queen Bedsheet,10,15,40,60,200,1000,200,1000,10,20,10,40,10,20,1,5,1,5,1,5,1,5,1,5,3,5,true,false
352,352 Linko Queen Bedsheet,10,15,40,60,200,1000,200,1000,10,20,10,40,10,20,1,5,1,5,1,5,1,5,1,5,3,5,true,false
353,353 Linko Queen Bedsheet,10,15,40,60,200,1000,200,1000,10,20,10,40,10,20,1,5,1,5,1,5,1,5,1,5,3,5,true,false
354,354 Linko Queen Bedsheet,10,15,40,60,200,1000,200,1000,10,20,10,40,10,20,1,5,1,5,1,5,1,5,1,5,3,5,true,false
355,355 Linko Queen Bedsheet,10,15,40,60,200,1000,200,1000,10,20,10,40,10,20,1,5,1,5,1,5,1,5,1,5,3,5,true,false
356,356 Linko Queen Bedsheet,10,15,40,60,200,1000,200,1000,10,20,10,40,10,20,1,5,1,5,1,5,1,5,1,5,3,5,true,false
357,357 Linko Queen Bedsheet,10,15,40,60,200,1000,200,1000,10,20,10,40,10,20,1,5,1,5,1,5,1,5,1,5,3,5,true,false
358,358 Linko Queen Bedsheet,10,15,40,60,200,1000,200,1000,10,20,10,40,10,20,1,5,1,5,1,5,1,5,1,5,3,5,true,false
359,359 Linko Queen Bedsheet,10,15,40,60,200,1000,200,1000,10,20,10,40,10,20,1,5,1,5,1,5,1,5,1,5,3,5,true,false
360,360 Linko Queen Bedsheet,10,15,40,60,200,1000,200,1000,10,20,10,40,10,20,1,5,1,5,1,5,1,5,1,5,3,5,true,false
361,361 Linko Queen Bedsheet,10,15,40,60,200,1000,200,1000,10,20,10,40,10,20,1,5,1,5,1,5,1,5,1,5,3,5,true,false
362,362 Linko Queen Bedsheet,10,15,40,60,200,1000,200,1000,10,20,10,40,10,20,1,5,1,5,1,5,1,5,1,5,3,5,true,false
363,363 Linko Queen Bedsheet,10,15,40,60,200,1000,200,1000,10,20,10,40,10,20,1,5,1,5,1,5,1,5,1,5,3,5,true,false
364,364 Linko Queen Bedsheet,10,15,40,60,200,1000,200,1000,10,20,10,40,10,20,1,5,1,5,1,5,1,5,1,5,3,5,true,false
365,365 Linko Queen Bedsheet,10,15,40,60,200,1000,200,1000,10,20,10,40,10,20,1,5,1,5,1,5,1,5,1,5,3,5,true,false
366,366 Linko Queen Bedsheet,10,15,40,60,200,1000,200,1000,10,20,10,40,10,20,1,5,1,5,1,5,1,5,1,5,3,5,true,false
367,367 Linko Queen Bedsheet,10,15,40,60,200,1000,200,1000,10,20,10,40,10,20,1,5,1,5,1,5,1,5,1,5,3,5,true,false
368,368 Linko Queen Bedsheet,10,15,40,60,200,1000,200,1000,10,20,10,40,10,20,1,5,1,5,1,5,1,5,1,5,3,5,true,false
369,369 Linko Queen Bedsheet,10,15,40,60,200,1000,200,1000,10,20,10,40,10,20,1,5,1,5,1,5,1,5,1,5,3,5,true,false
370,370 Linko Queen Bedsheet,10,15,40,60,200,1000,200,1000,10,20,10,40,10,20,1,5,1,5,1,5,1,5,1,5,3,5,true,false
371,371 Linko Queen Bedsheet,10,15,40,60,200,1000,200,1000,10,20,10,40,10,20,1,5,1,5,1,5,1,5,1,5,3,5,true,false
372,372 Linko Queen Bedsheet,10,15,40,60,200,1000,200,1000,10,20,10,40,10,20,1,5,1,5,1,5,1,5,1,5,3,5,true,false
373,373 Linko Queen Bedsheet,10,15,40,60,200,1000,200,1000,10,20,10,40,10,20,1,5,1,5,1,5,1,5,1,5,3,5,true,false
374,374 Linko Queen Bedsheet,10,15,40,60,200,1000,200,1000,10,20,10,40,10,20,1,5,1,5,1,5,1,5,1,5,3,5,true,false
375,375 Linko Queen Bedsheet,10,15,40,60,200,1000,200,1000,10,20,10,40,10,20,1,5,1,5,1,5,1,5,1,5,3,5,true,false
376,376 Linko Queen Bedsheet,10,15,40,60,200,1000,200,1000,10,20,10,40,10,20,1,5,1,5,1,5,1,5,1,5,3,5,true,false
377,377 Linko Queen Bedsheet,10,15,40,60,200,1000,200,1000,10,20,10,40,10,20,1,5,1,5,1,5,1,5,1,5,3,5,true,false
378,378 Linko Queen Bedsheet,10,15,40,60,200,1000,200,1000,10,20,10,40,10,20,1,5,1,5,1,5,1,5,1,5,3,5,true,false
379,379 Linko Queen Bedsheet,10,15,40,60,200,1000,200,1000,10,20,10,40,10,20,1,5,1,5,1,5,1,5,1,5,3,5,true,false
380,380 Linko Queen Bedsheet,10,15,40,60,200,1000,200,1000,10,20,10,40,10,20,1,5,1,5,1,5,1,5,1,5,3,5,true,false
381,381 Linko Queen Bedsheet,10,15,40,60,200,1000,200,1000,10,20,10,40,10,20,1,5,1,5,1,5,1,5,1,5,3,5,true,false
382,382 Linko Queen Bedsheet,10,15,40,60,200,1000,200,1000,10,20,10,40,10,20,1,5,1,5,1,5,1,5,1,5,3,5,true,false
383,383 Linko Queen Bedsheet,10,15,40,60,200,1000,200,1000,10,20,10,40,10,20,1,5,1,5,1,5,1,5,1,5,3,5,true,false
384,384 Linko Queen Bedsheet,10,15,40,60,200,1000,200,1000,10,20,10,40,10,20,1,5,1,5,1,5,1,5,1,5,3,5,true,false
385,385 Linko Queen Bedsheet,10,15,40,60,200,1000,200,1000,10,20,10,40,10,20,1,5,1,5,1,5,1,5,1,5,3,5,true,false
386,386 Linko Queen Bedsheet,10,15,40,60,200,1000,200,1000,10,20,10,40,10,20,1,5,1,5,1,5,1,5,1,5,3,5,true,false
387,387 Linko Queen Bedsheet,10,15,40,60,200,1000,200,1000,10,20,10,40,10,20,1,5,1,5,1,5,1,5,1,5,3,5,true,false
388,388 Linko Queen Bedsheet,10,15,40,60,200,1000,200,1000,10,20,10,40,10,20,1,5,1,5,1,5,1,5,1,5,3,5,true,false
389,389 Linko Queen Bedsheet,10,15,40,60,200,1000,200,1000,10,20,10,40,10,20,1,5,1,5,1,5,1,5,1,5,3,5,true,false
390,390 Linko Queen Bedsheet,10,15,40,60,200,1000,200,1000,10,20,10,40,10,20,1,5,1,5,1,5,1,5,1,5,3,5,true,false
391,391 Linko Queen Bedsheet,10,15,40,60,200,1000,200,1000,10,20,10,40,10,20,1,5,1,5,1,5,1,5,1,5,3,5,true,false
392,392 Linko Queen Bedsheet,10,15,40,60,200,1000,200,1000,10,20,10,40,10,20,1,5,1,5,1,5,1,5,1,5,3,5,true,false
393,393 Linko Queen Bedsheet,10,15,40,60,200,1000,200,1000,10,20,10,40,10,20,1,5,1,5,1,5,1,5,1,5,3,5,true,false
394,394 Linko Queen Bedsheet,10,15,40,60,200,1000,200,1000,10,20,10,40,10,20,1,5,1,5,1,5,1,5,1,5,3,5,true,false
395,395 Linko Queen Bedsheet,10,15,40,60,200,1000,200,1000,10,20,10,40,10,20,1,5,1,5,1,5,1,5,1,5,3,5,true,false
396,396 Linko Queen Bedsheet,10,15,40,60,200,1000,200,1000,10,20,10,40,10,20,1,5,1,5,1,5,1,5,1,5,3,5,true,false
397,397 Linko Queen Bedsheet,10,15,40,60,200,1000,200,1000,10,20,10,40,10,20,1,5,1,5,1,5,1,5,1,5,3,5,true,false
398,398 Linko Queen Bedsheet,10,15,40,60,200,1000,200,1000,10,20,10,40,10,20,1,5,1,5,1,5,1,5,1,5,3,5,true,false
399,399 Linko Queen Bedsheet,10,15,40,60,200,1000,200,1000,10,20,10,40,10,20,1,5,1,5,1,5,1,5,1,5,3,5,true,false
400,400 Linko Queen Bedsheet,10,15,40,60,200,1000,200,1000,10,20,10,40,10,20,1,5,1,5,1,5,1,5,1,5,3,5,true,false
401,401 Linko Queen Bedsheet,10,15,40,60,200,1000,200,1000,10,20,10,40,10,20,1,5,1,5,1,5,1,5,1,5,3,5,true,false
402,402 Linko Queen Bedsheet,10,15,40,60,200,1000,200,1000,10,20,10,40,10,20,1,5,1,5,1,5,1,5,1,5,3,5,true,false
403,403 Linko Queen Bedsheet,10,15,40,60,200,1000,200,1000,10,20,10,40,10,20,1,5,1,5,1,5,1,5,1,5,3,5,true,false
404,404 Linko Queen Bedsheet,10,15,40,60,200,1000,200,1000,10,20,10,40,10,20,1,5,1,5,1,5,1,5,1,5,3,5,true,false
405,405 Linko Queen Bedsheet,10,15,40,60,200,1000,200,1000,10,20,10,40,10,20,1,5,1,5,1,5,1,5,1,5,3,5,true,false
406,406 Linko Queen Bedsheet,10,15,40,60,200,1000,200,1000,10,20,10,40,10,20,1,5,1,5,1,5,1,5,1,5,3,5,true,false
407,407 Linko Queen Bedsheet,10,15,40,60,200,1000,200,1000,10,20,10,40,10,20,1,5,1,5,1,5,1,5,1,5,3,5,true,false
408,408 Linko Queen Bedsheet,10,15,40,60,200,1000,200,1000,10,20,10,40,10,20,1,5,1,5,1,5,1,5,1,5,3,5,true,false
409,409 Linko Queen Bedsheet,10,15,40,60,200,1000,200,1000,10,20,10,40,10,20,1,5,1,5,1,5,1,5,1,5,3,5,true,false
410,410 Linko Queen Bedsheet,10,15,40,60,200,1000,200,1000,10,20,10,40,10,20,1,5,1,5,1,5,1,5,1,5,3,5,true,false
411,411 Linko Queen Bedsheet,10,15,40,60,200,1000,200,1000,10,20,10,40,10,20,1,5,1,5,1,5,1,5,1,5,3,5,true,false
412,412 Linko Queen Bedsheet,10,15,40,60,200,1000,200,1000,10,20,10,40,10,20,1,5,1,5,1,5,1,5,1,5,3,5,true,false
413,413 Linko Queen Bedsheet,10,15,40,60,200,1000,200,1000,10,20,10,40,10,20,1,5,1,5,1,5,1,5,1,5,3,5,true,false
414,414 Linko Queen Bedsheet,10,15,40,60,200,1000,200,1000,10,20,10,40,10,20,1,5,1,5,1,5,1,5,1,5,3,5,true,false
415,415 Linko Queen Bedsheet,10,15,40,60,200,1000,200,1000,10,20,10,40,10,20,1,5,1,5,1,5,1,5,1,5,3,5,true,false
416,416 Linko Queen Bedsheet,10,15,40,60,200,1000,200,1000,10,20,10,40,10,20,1,5,1,5,1,5,1,5,1,5,3,5,true,false
417,417 Linko Queen Bedsheet,10,15,40,60,200,1000,200,1000,10,20,10,40,10,20,1,5,1,5,1,5,1,5,1,5,3,5,true,false
418,418 Linko Queen Bedsheet,10,15,40,60,200,1000,200,1000,10,20,10,40,10,20,1,5,1,5,1,5,1,5,1,5,3,5,true,false
419,419 Linko Queen Bedsheet,10,15,40,60,200,1000,200,1000,10,20,10,40,10,20,1,5,1,5,1,5,1,5,1,5,3,5,true,false
420,420 Linko Queen Bedsheet,10,15,40,60,200,1000,200,1000,10,20,10,40,10,20,1,5,1,5,1,5,1,5,1,5,3,5,true,false
421,421 Linko Queen Bedsheet,10,15,40,60,200,1000,200,1000,10,20,10,40,10,20,1,5,1,5,1,5,1,5,1,5,3,5,true,false
422,422 Linko Queen Bedsheet,10,15,40,60,200,1000,200,1000,10,20,10,40,10,20,1,5,1,5,1,5,1,5,1,5,3,5,true,false
423,423 Linko Queen Bedsheet,10,15,40,60,200,1000,200,1000,10,20,10,40,10,20,1,5,1,5,1,5,1,5,1,5,3,5,true,false
424,424 Linko Queen Bedsheet,10,15,40,60,200,1000,200,1000,10,20,10,40,10,20,1,5,1,5,1,5,1,5,1,5,3,5,true,false
425,425 Linko Queen Bedsheet,10,15,40,60,200,1000,200,1000,10,20,10,40,10,20,1,5,1,5,1,5,1,5,1,5,3,5,true,false
426,426 Linko Queen Bedsheet,10,15,40,60,200,1000,200,1000,10,20,10,40,10,20,1,5,1,5,1,5,1,5,1,5,3,5,true,false
427,427 Linko Queen Bedsheet,10,15,40,60,200,1000,200,1000,10,20,10,40,10,20,1,5,1,5,1,5,1,5,1,5,3,5,true,false
428,428 Linko Queen Bedsheet,10,15,40,60,200,1000,200,1000,10,20,10,40,10,20,1,5,1,5,1,5,1,5,1,5,3,5,true,false
429,429 Linko Queen Bedsheet,10,15,40,60,200,1000,200,1000,10,20,10,40,10,20,1,5,1,5,1,5,1,5,1,5,3,5,true,false
430,430 Linko Queen Bedsheet,10,15,40,60,200,1000,200,1000,10,20,10,40,10,20,1,5,1,5,1,5,1,5,1,5,3,5,true,false
431,431 Linko Queen Bedsheet,10,15,40,60,200,1000,200,1000,10,20,10,40,10,20,1,5,1,5,1,5,1,5,1,5,3,5,true,false
432,432 Linko Queen Bedsheet,10,15,40,60,200,1000,200,1000,10,20,10,40,10,20,1,5,1,5,1,5,1,5,1,5,3,5,true,false
433,433 Linko Queen Bedsheet,10,15,40,60,200,1000,200,1000,10,20,10,40,10,20,1,5,1,5,1,5,1,5,1,5,3,5,true,false
434,434 Linko Queen Bedsheet,10,15,40,60,200,1000,200,1000,10,20,10,40,10,20,1,5,1,5,1,5,1,5,1,5,3,5,true,false
435,435 Linko Queen Bedsheet,10,15,40,60,200,1000,200,1000,10,20,10,40,10,20,1,5,1,5,1,5,1,5,1,5,3,5,true,false
436,436 Linko Queen Bedsheet,10,15,40,60,200,1000,200,1000,10,20,10,40,10,20,1,5,1,5,1,5,1,5,1,5,3,5,true,false
437,437 Linko Queen Bedsheet,10,15,40,60,200,1000,200,1000,10,20,10,40,10,20,1,5,1,5,1,5,1,5,1,5,3,5,true,false
438,438 Linko Queen Bedsheet,10,15,40,60,200,1000,200,1000,10,20,10,40,10,20,1,5,1,5,1,5,1,5,1,5,3,5,true,false
439,439 Linko Queen Bedsheet,10,15,40,60,200,1000,200,1000,10,20,10,40,10,20,1,5,1,5,1,5,1,5,1,5,3,5,true,false
440,440 Linko Queen Bedsheet,10,15,40,60,200,1000,200,1000,10,20,10,40,10,20,1,5,1,5,1,5,1,5,1,5,3,5,true,false
441,441 Linko Queen Bedsheet,10,15,40,60,200,1000,200,1000,10,20,10,40,10,20,1,5,1,5,1,5,1,5,1,5,3,5,true,false
442,442 Linko Queen Bedsheet,10,15,40,60,200,1000,200,1000,10,20,10,40,10,20,1,5,1,5,1,5,1,5,1,5,3,5,true,false
443,443 Linko Queen Bedsheet,10,15,40,60,200,1000,200,1000,10,20,10,40,10,20,1,5,1,5,1,5,1,5,1,5,3,5,true,false
444,444 Linko Queen Bedsheet,10,15,40,60,200,1000,200,1000,10,20,10,40,10,20,1,5,1,5,1,5,1,5,1,5,3,5,true,false
445,445 Linko Queen Bedsheet,10,15,40,60,200,1000,200,1000,10,20,10,40,10,20,1,5,1,5,1,5,1,5,1,5,3,5,true,false
446,446 Linko Queen Bedsheet,10,15,40,60,200,1000,200,1000,10,20,10,40,10,20,1,5,1,5,1,5,1,5,1,5,3,5,true,false
447,447 Linko Queen Bedsheet,10,15,40,60,200,1000,200,1000,10,20,10,40,10,20,1,5,1,5,1,5,1,5,1,5,3,5,true,false
448,448 Linko Queen Bedsheet,10,15,40,60,200,1000,200,1000,10,20,10,40,10,20,1,5,1,5,1,5,1,5,1,5,3,5,true,false
449,449 Linko Queen Bedsheet,10,15,40,60,200,1000,200,1000,10,20,10,40,10,20,1,5,1,5,1,5,1,5,1,5,3,5,true,false
450,450 Linko Queen Bedsheet,10,15,40,60,200,1000,200,1000,10,20,10,40,10,20,1,5,1,5,1,5,1,5,1,5,3,5,true,false
451,451 Linko Queen Bedsheet,10,15,40,60,200,1000,200,1000,10,20,10,40,10,20,1,5,1,5,1,5,1,5,1,5,3,5,true,false
452,452 Linko Queen Bedsheet,10,15,40,60,200,1000,200,1000,10,20,10,40,10,20,1,5,1,5,1,5,1,5,1,5,3,5,true,false
453,453 Linko Queen Bedsheet,10,15,40,60,200,1000,200,1000,10,20,10,40,10,20,1,5,1,5,1,5,1,5,1,5,3,5,true,false
454,454 Linko Queen Bedsheet,10,15,40,60,200,1000,200,1000,10,20,10,40,10,20,1,5,1,5,1,5,1,5,1,5,3,5,true,false
455,455 Linko Queen Bedsheet,10,15,40,60,200,1000,200,1000,10,20,10,40,10,20,1,5,1,5,1,5,1,5,1,5,3,5,true,false
456,456 Linko Queen Bedsheet,10,15,40,60,200,1000,200,1000,10,20,10,40,10,20,1,5,1,5,1,5,1,5,1,5,3,5,true,false
457,457 Linko Queen Bedsheet,10,15,40,60,200,1000,200,1000,10,20,10,40,10,20,1,5,1,5,1,5,1,5,1,5,3,5,true,false
458,458 Linko Queen Bedsheet,10,15,40,60,200,1000,200,1000,10,20,10,40,10,20,1,5,1,5,1,5,1,5,1,5,3,5,true,false
459,459 Linko Queen Bedsheet,10,15,40,60,200,1000,200,1000,10,20,10,40,10,20,1,5,1,5,1,5,1,5,1,5,3,5,true,false
460,460 Linko Queen Bedsheet,10,15,40,60,200,1000,200,1000,10,20,10,40,10,20,1,5,1,5,1,5,1,5,1,5,3,5,true,false
461,461 Linko Queen Bedsheet,10,15,40,60,200,1000,200,1000,10,20,10,40,10,20,1,5,1,5,1,5,1,5,1,5,3,5,true,false
462,462 Linko Queen Bedsheet,10,15,40,60,200,1000,200,1000,10,20,10,40,10,20,1,5,1,5,1,5,1,5,1,5,3,5,true,false
463,463 Linko Queen Bedsheet,10,15,40,60,200,1000,200,1000,10,20,10,40,10,20,1,5,1,5,1,5,1,5,1,5,3,5,true,false
464,464 Linko Queen Bedsheet,10,15,40,60,200,1000,200,1000,10,20,10,40,10,20,1,5,1,5,1,5,1,5,1,5,3,5,true,false
465,465 Linko Queen Bedsheet,10,15,40,60,200,1000,200,1000,10,20,10,40,10,20,1,5,1,5,1,5,1,5,1,5,3,5,true,false
466,466 Linko Queen Bedsheet,10,15,40,60,200,1000,200,1000,10,20,10,40,10,20,1,5,1,5,1,5,1,5,1,5,3,5,true,false
467,467 Linko Queen Bedsheet,10,15,40,60,200,1000,200,1000,10,20,10,40,10,20,1,5,1,5,1,5,1,5,1,5,3,5,true,false
468,468 Linko Queen Bedsheet,10,15,40,60,200,1000,200,1000,10,20,10,40,10,20,1,5,1,5,1,5,1,5,1,5,3,5,true,false
469,469 Linko Queen Bedsheet,10,15,40,60,200,1000,200,1000,10,20,10,40,10,20,1,5,1,5,1,5,1,5,1,5,3,5,true,false
470,470 Linko Queen Bedsheet,10,15,40,60,200,1000,200,1000,10,20,10,40,10,20,1,5,1,5,1,5,1,5,1,5,3,5,true,false
471,471 Linko Queen Bedsheet,10,15,40,60,200,1000,200,1000,10,20,10,40,10,20,1,5,1,5,1,5,1,5,1,5,3,5,true,false
472,472 Linko Queen Bedsheet,10,15,40,60,200,1000,200,1000,10,20,10,40,10,20,1,5,1,5,1,5,1,5,1,5,3,5,true,false
473,473 Linko Queen Bedsheet,10,15,40,60,200,1000,200,1000,10,20,10,40,10,20,1,5,1,5,1,5,1,5,1,5,3,5,true,false
474,474 Linko Queen Bedsheet,10,15,40,60,200,1000,200,1000,10,20,10,40,10,20,1,5,1,5,1,5,1,5,1,5,3,5,true,false
475,475 Linko Queen Bedsheet,10,15,40,60,200,1000,200,1000,10,20,10,40,10,20,1,5,1,5,1,5,1,5,1,5,3,5,true,false
476,476 Linko Queen Bedsheet,10,15,40,60,200,1000,200,1000,10,20,10,40,10,20,1,5,1,5,1,5,1,5,1,5,3,5,true,false
477,477 Linko Queen Bedsheet,10,15,40,60,200,1000,200,1000,10,20,10,40,10,20,1,5,1,5,1,5,1,5,1,5,3,5,true,false
478,478 Linko Queen Bedsheet,10,15,40,60,200,1000,200,1000,10,20,10,40,10,20,1,5,1,5,1,5,1,5,1,5,3,5,true,false
479,479 Linko Queen Bedsheet,10,15,40,60,200,1000,200,1000,10,20,10,40,10,20,1,5,1,5,1,5,1,5,1,5,3,5,true,false
480,480 Linko Queen Bedsheet,10,15,40,60,200,1000,200,1000,10,20,10,40,10,20,1,5,1,5,1,5,1,5,1,5,3,5,true,false
481,481 Linko Queen Bedsheet,10,15,40,60,200,1000,200,1000,10,20,10,40,10,20,1,5,1,5,1,5,1,5,1,5,3,5,true,false
482,482 Linko Queen Bedsheet,10,15,40,60,200,1000,200,1000,10,20,10,40,10,20,1,5,1,5,1,5,1,5,1,5,3,5,true,false
483,483 Linko Queen Bedsheet,10,15,40,60,200,1000,200,1000,10,20,10,40,10,20,1,5,1,5,1,5,1,5,1,5,3,5,true,false
484,484 Linko Queen Bedsheet,10,15,40,60,200,1000,200,1000,10,20,10,40,10,20,1,5,1,5,1,5,1,5,1,5,3,5,true,false
485,485 Linko Queen Bedsheet,10,15,40,60,200,1000,200,1000,10,20,10,40,10,20,1,5,1,5,1,5,1,5,1,5,3,5,true,false
486,486 Linko Queen Bedsheet,10,15,40,60,200,1000,200,1000,10,20,10,40,10,20,1,5,1,5,1,5,1,5,1,5,3,5,true,false
487,487 Linko Queen Bedsheet,10,15,40,60,200,1000,200,1000,10,20,10,40,10,20,1,5,1,5,1,5,1,5,1,5,3,5,true,false
488,488 Linko Queen Bedsheet,10,15,40,60,200,1000,200,1000,10,20,10,40,10,20,1,5,1,5,1,5,1,5,1,5,3,5,true,false
489,489 Linko Queen Bedsheet,10,15,40,60,200,1000,200,1000,10,20,10,40,10,20,1,5,1,5,1,5,1,5,1,5,3,5,true,false
490,490 Linko Queen Bedsheet,10,15,40,60,200,1000,200,1000,10,20,10,40,10,20,1,5,1,5,1,5,1,5,1,5,3,5,true,false
491,491 Linko Queen Bedsheet,10,15,40,60,200,1000,200,1000,10,20,10,40,10,20,1,5,1,5,1,5,1,5,1,5,3,5,true,false
492,492 Linko Queen Bedsheet,10,15,40,60,200,1000,200,1000,10,20,10,40,10,20,1,5,1,5,1,5,1,5,1,5,3,5,true,false
493,493 Linko Queen Bedsheet,10,15,40,60,200,1000,200,1000,10,20,10,40,10,20,1,5,1,5,1,5,1,5,1,5,3,5,true,false
494,494 Linko Queen Bedsheet,10,15,40,60,200,1000,200,1000,10,20,10,40,10,20,1,5,1,5,1,5,1,5,1,5,3,5,true,false
495,495 Linko Queen Bedsheet,10,15,40,60,200,1000,200,1000,10,20,10,40,10,20,1,5,1,5,1,5,1,5,1,5,3,5,true,false
496,496 Linko Queen Bedsheet,10,15,40,60,200,1000,200,1000,10,20,10,40,10,20,1,5,1,5,1,5,1,5,1,5,3,5,true,false
497,497 Linko Queen Bedsheet,10,15,40,60,200,1000,200,1000,10,20,10,40,10,20,1,5,1,5,1,5,1,5,1,5,3,5,true,false
498,498 Linko Queen Bedsheet,10,15,40,60,200,1000,200,1000,10,20,10,40,10,20,1,5,1,5,1,5,1,5,1,5,3,5,true,false
499,499 Linko Queen Bedsheet,10,15,40,60,200,1000,200,1000,10,20,10,40,10,20,1,5,1,5,1,5,1,5,1,5,3,5,true,false
